sequence,valid_speed_count,excluded_pair_count,min_speed_px_s,max_speed_px_s,range_width_px_s,zero_speed_count,min_occurrences,max_occurrences,min_prev_filename,min_filename,max_prev_filename,max_filename
GAREUD_R_000001,8640,644,0.000,954.143,954.143,4,4,1,1418.004202432.jpg,1418.037547488.jpg,1668.461742104.jpg,1668.495087352.jpg
GAREUD_R_000002,13937,460,0.000,807.269,807.269,8,8,1,1848.312494512.jpg,1848.345839592.jpg,2071.960307024.jpg,2071.993651864.jpg
GAREUD_R_000003,23924,1678,0.000,892.830,892.830,4,4,1,2487.194050568.jpg,2487.227396272.jpg,2572.024829624.jpg,2572.058175272.jpg
GAREUD_R_000004,15967,719,0.000,1342.212,1342.212,29,29,1,3852.478727080.jpg,3852.512072544.jpg,4043.548052568.jpg,4043.581398352.jpg
GAREUD_R_000005,3879,137,2.943,625.111,622.168,0,1,1,4827.033678512.jpg,4827.067023592.jpg,4893.357742104.jpg,4893.391087544.jpg
GAREUD_R_000006,303,128,0.000,491.403,491.403,1,1,1,5063.742275352.jpg,5063.775620240.jpg,5060.707840592.jpg,5060.741186328.jpg
GAREUD_R_000007,1556,195,0.000,515.210,515.210,1,1,1,5136.144609568.jpg,5136.177955568.jpg,5150.616527024.jpg,5150.649872976.jpg
GAREUD_R_000008,6753,203,0.000,1059.566,1059.566,2,2,1,5407.027201592.jpg,5407.060546760.jpg,5517.200509408.jpg,5517.233854160.jpg
GAREUD_R_000009,16873,421,0.000,992.094,992.094,7,7,1,139.630287488.jpg,139.663632352.jpg,553.013607592.jpg,553.046953624.jpg
GAREUD_R_000010,2451,130,4.018,1423.813,1419.795,0,1,1,1034.978303512.jpg,1035.011648104.jpg,985.126882568.jpg,985.160227624.jpg
GAREUD_R_000011,5853,2,0.000,991.049,991.049,1,1,1,125.665573592.jpg,125.698919568.jpg,299.428620488.jpg,299.461965432.jpg
GAREUD_R_000012,4395,0,3.644,1109.783,1106.139,0,1,1,422.380002592.jpg,422.413348296.jpg,374.495962160.jpg,374.529307592.jpg
GAREUD_R_000013,4408,89,0.000,2329.969,2329.969,1,1,1,543.273040592.jpg,543.306385624.jpg,539.271588488.jpg,539.304933624.jpg
GAREUD_R_000014,8334,214,0.000,1011.857,1011.857,1,1,1,911.886780488.jpg,911.920125512.jpg,994.916906024.jpg,994.950251592.jpg
GAREUD_R_000015,8814,1127,0.000,840.663,840.663,1,1,1,1266.454327432.jpg,1266.487672624.jpg,1489.735340544.jpg,1489.768685488.jpg
GAREUD_R_000016,1116,59,3.002,267.754,264.753,0,1,1,1772.178849544.jpg,1772.212194592.jpg,1747.503229592.jpg,1747.536575568.jpg
GAREUD_R_000017,5656,333,0.000,445.343,445.343,1,1,1,1810.479944624.jpg,1810.513290488.jpg,1890.042145000.jpg,1890.075490376.jpg
GAREUD_R_000018,3677,243,0.000,829.274,829.274,1,1,1,2168.299530488.jpg,2168.332875592.jpg,2045.488304568.jpg,2045.521649544.jpg
GAREUD_R_000019,8233,494,0.000,1219.210,1219.210,2,2,1,2488.028520808.jpg,2488.061865408.jpg,2360.749006624.jpg,2360.782351976.jpg
GAREUD_R_000020,5340,0,0.035,369.169,369.134,0,1,1,500.789949840.jpg,500.823295104.jpg,361.472734592.jpg,361.506080216.jpg
GAREUD_R_000021,9104,145,0.277,681.703,681.426,0,1,1,572.889251408.jpg,572.922596056.jpg,642.281095352.jpg,642.314440456.jpg
GAREUD_R_000022,10373,310,0.000,547.006,547.006,1,1,1,905.541281456.jpg,905.574627000.jpg,1003.343433568.jpg,1003.376778512.jpg
GAREUD_R_000023,10166,272,0.000,1103.844,1103.844,2,2,1,1671.258451056.jpg,1671.291796216.jpg,1505.564999544.jpg,1505.598345160.jpg
GAREUD_R_000024,6906,361,0.000,894.228,894.228,1,1,1,1965.765604056.jpg,1965.798949592.jpg,2044.660896352.jpg,2044.694241624.jpg
GAREUD_R_000025,1234,274,0.000,499.887,499.887,4,4,1,2144.812678512.jpg,2144.846023512.jpg,2163.286047352.jpg,2163.319393376.jpg
GAREUD_R_000026,6710,1234,1.182,1072.975,1071.793,0,1,1,2498.880969568.jpg,2498.914314056.jpg,2281.068607592.jpg,2281.101952592.jpg
GAREUD_R_000027,9286,455,0.000,809.640,809.640,1,1,1,2596.955304592.jpg,2596.988649592.jpg,2657.210499704.jpg,2657.243845408.jpg
GAREUD_R_000028,1649,469,4.971,979.739,974.768,0,1,1,397.036416240.jpg,397.069761104.jpg,403.105284648.jpg,403.138630328.jpg
GAREUD_R_000029,285,640,18.073,1154.448,1136.375,0,1,1,500.464213784.jpg,500.497559024.jpg,502.398248864.jpg,502.431593920.jpg
GAREUD_R_000030,2328,159,5.061,1098.189,1093.128,0,1,1,607.535618192.jpg,607.568964080.jpg,613.271032432.jpg,613.304378568.jpg
GAREUD_R_000031,792,45,2.001,986.010,984.010,0,1,1,708.088438080.jpg,708.121783920.jpg,711.823127024.jpg,711.856471624.jpg
GAREUD_R_000032,2121,563,3.146,1130.525,1127.378,0,1,1,850.446631216.jpg,850.479976352.jpg,824.737303408.jpg,824.770648160.jpg
GAREUD_R_000033,57,385,17.205,1026.926,1009.721,0,1,1,913.185845056.jpg,913.219190896.jpg,919.454786456.jpg,919.488131544.jpg
GAREUD_R_000034,247,498,7.066,642.905,635.839,0,1,1,1271.574699296.jpg,1271.608044432.jpg,1272.508370976.jpg,1272.541716432.jpg
GAREUD_R_000035,8534,1562,2.304,925.441,923.137,0,1,1,563.619561808.jpg,563.652907512.jpg,631.344134512.jpg,631.377479544.jpg
GAREUD_R_000036,1163,265,6.861,776.540,769.680,0,1,1,1547.211554544.jpg,1547.244899328.jpg,1523.769715056.jpg,1523.803060568.jpg
GAREUD_R_000037,8815,1346,3.441,1026.780,1023.340,0,1,1,1803.715109592.jpg,1803.748455000.jpg,1787.742648432.jpg,1787.775993080.jpg
GAREUD_R_000038,178,233,59.929,725.846,665.917,0,1,1,2494.346116056.jpg,2494.379462104.jpg,2495.546552592.jpg,2495.579897376.jpg
GAREUD_R_000039,4965,1741,4.372,1242.395,1238.024,0,1,1,2642.641729408.jpg,2642.675075136.jpg,2605.061427568.jpg,2605.094773328.jpg
GAREUD_R_000040,2736,1541,3.976,1237.278,1233.302,0,1,1,3266.000260352.jpg,3266.033605624.jpg,3300.879582456.jpg,3300.912927544.jpg
GAREUD_R_000041,6511,2452,0.000,1211.276,1211.276,4,4,1,223.603436592.jpg,223.636782024.jpg,231.306231512.jpg,231.339576888.jpg
GAREUD_R_000042,7566,1230,0.000,1008.366,1008.366,1,1,1,1106.144262160.jpg,1106.177608104.jpg,1153.994957056.jpg,1154.028302512.jpg
GAREUD_R_000043,2134,2423,0.000,1493.691,1493.691,1,1,1,342.391896056.jpg,342.425241512.jpg,298.575998592.jpg,298.609343488.jpg
GAREUD_R_000044,2244,1742,0.000,1273.152,1273.152,1,1,1,673.236894976.jpg,673.270240240.jpg,639.591354056.jpg,639.624698920.jpg
GAREUD_R_000045,7330,4030,0.000,1021.980,1021.980,1,1,1,1192.783891328.jpg,1192.817237104.jpg,997.813150352.jpg,997.846496000.jpg
GAREUD_R_000046,4210,1959,3.076,1599.414,1596.338,0,1,1,3511.347150456.jpg,3511.380495568.jpg,3438.087236432.jpg,3438.120581944.jpg
GAREUD_R_000047,2167,2181,0.000,1588.732,1588.732,4,4,1,4046.895988488.jpg,4046.929333544.jpg,4076.640113624.jpg,4076.673459240.jpg
GAREUD_R_000048,8254,1656,4.128,1036.557,1032.429,0,1,1,2034.335513512.jpg,2034.368859408.jpg,1961.175635488.jpg,1961.208981544.jpg
GAREUD_R_000049,5580,2161,5.468,1187.076,1181.608,0,1,1,2750.665554136.jpg,2750.698899568.jpg,2709.417254104.jpg,2709.450599568.jpg
GAREUD_R_000050,916,210,3.256,869.120,865.863,0,1,1,3281.393300592.jpg,3281.426646080.jpg,3299.599906568.jpg,3299.633251272.jpg
GAREUD_R_000051,5010,781,5.067,1095.090,1090.023,0,1,1,236.625174592.jpg,236.658519112.jpg,302.549092944.jpg,302.582438976.jpg
GAREUD_R_000052,6477,1168,0.000,1284.201,1284.201,2,2,1,1443.630717672.jpg,1443.664063624.jpg,1641.835965544.jpg,1641.869311272.jpg
GAREUD_R_000053,6307,1221,0.000,1264.657,1264.657,4,4,1,1982.643135328.jpg,1982.676480624.jpg,2047.733419024.jpg,2047.766764024.jpg
GAREUD_R_000054,898,123,8.778,1229.763,1220.985,0,2,1,965.656633296.jpg,965.689978376.jpg,958.654092488.jpg,958.687437544.jpg
GAREUD_R_000055,1152,109,2.345,1064.263,1061.918,0,1,1,1170.843750328.jpg,1170.877095544.jpg,1182.081160592.jpg,1182.114506056.jpg
GAREUD_R_000056,849,16,0.000,548.170,548.170,1,1,1,1720.622412648.jpg,1720.655757568.jpg,1732.059895240.jpg,1732.093241592.jpg
GAREUD_R_000057,1388,186,1.651,2008.297,2006.646,0,1,1,1840.810767456.jpg,1840.844112592.jpg,1808.098898328.jpg,1808.132244376.jpg
GAREUD_R_000058,1363,111,4.437,779.392,774.954,0,1,1,757.494493568.jpg,757.527838592.jpg,735.986689648.jpg,736.020034920.jpg
GAREUD_R_000059,3669,771,3.024,927.154,924.130,0,1,1,1320.654291160.jpg,1320.687636512.jpg,1345.630019624.jpg,1345.663365456.jpg
GAREUD_R_000060,3956,425,0.000,864.955,864.955,2,2,1,1634.200033432.jpg,1634.233378592.jpg,1731.268586080.jpg,1731.301931624.jpg
GAREUD_R_000061,4665,646,0.000,1410.797,1410.797,2,2,1,2552.738508328.jpg,2552.771853432.jpg,2512.557262592.jpg,2512.590608456.jpg
GAREUD_R_000062,3310,1075,0.000,1903.331,1903.331,1,1,1,3088.038246648.jpg,3088.071592568.jpg,3102.610200544.jpg,3102.643546624.jpg
GAREUD_R_000063,1885,0,0.000,699.878,699.878,1,1,1,3786.231115568.jpg,3786.264460648.jpg,3801.436632488.jpg,3801.469977352.jpg
GAREUD_R_000064,1187,888,0.000,1152.330,1152.330,2,2,1,4021.881879024.jpg,4021.915224408.jpg,4042.456010408.jpg,4042.489355512.jpg
GAREUD_R_000065,2479,291,0.000,1501.563,1501.563,4,4,1,4171.807782864.jpg,4171.841128328.jpg,4188.713916568.jpg,4188.747262056.jpg
GAREUD_R_000066,3463,201,0.000,1164.587,1164.587,1,1,1,4918.625313624.jpg,4918.658658784.jpg,4900.018562760.jpg,4900.051907672.jpg
GAREUD_R_000067,1194,668,12.338,2274.353,2262.015,0,1,1,5163.875364352.jpg,5163.908709728.jpg,5161.707911240.jpg,5161.741256760.jpg
GAREUD_R_000068,4402,534,0.000,766.315,766.315,3,3,1,189.579071456.jpg,189.612417000.jpg,207.652295512.jpg,207.685641080.jpg
GAREUD_R_000069,5767,1776,0.000,1056.021,1056.021,3,3,1,608.416551352.jpg,608.449896568.jpg,797.851950568.jpg,797.885296000.jpg
GAREUD_R_000070,1605,261,0.000,1604.933,1604.933,1,1,1,1174.331660408.jpg,1174.365005352.jpg,1162.894176512.jpg,1162.927521840.jpg
GAREUD_R_000071,4685,2914,4.234,1596.547,1592.313,0,1,1,427.434696488.jpg,427.468042136.jpg,302.122563056.jpg,302.155908432.jpg
GAREUD_R_000072,2158,594,0.000,1047.775,1047.775,1,1,1,731.553893624.jpg,731.587239056.jpg,786.473820112.jpg,786.507165944.jpg
GAREUD_R_000073,3594,2588,9.646,1644.998,1635.352,0,1,1,946.071700512.jpg,946.105045624.jpg,1073.718014328.jpg,1073.751359544.jpg
GAREUD_R_000074,1886,965,0.000,850.677,850.677,1,1,1,1389.240637624.jpg,1389.273983512.jpg,1363.197855544.jpg,1363.231201328.jpg
GAREUD_R_000075,6763,1741,0.000,3433.866,3433.866,2,2,1,361.802042920.jpg,361.835387648.jpg,383.609954568.jpg,383.643300456.jpg
GAREUD_R_000076,1742,690,7.066,1409.206,1402.140,0,1,1,683.368815592.jpg,683.402160568.jpg,701.775494024.jpg,701.808839056.jpg
GAREUD_R_000077,2764,260,0.000,991.336,991.336,1,1,1,929.820028592.jpg,929.853373592.jpg,922.217269976.jpg,922.250615408.jpg
GAREUD_R_000078,3219,1005,7.033,1477.095,1470.062,0,1,1,1177.892444488.jpg,1177.925790376.jpg,1186.028729592.jpg,1186.062074920.jpg
GAREUD_R_000079,3733,1234,0.000,1458.373,1458.373,1,1,1,1630.565640056.jpg,1630.598985568.jpg,1733.136189080.jpg,1733.169533976.jpg
GAREUD_R_000080,896,179,14.479,1294.267,1279.787,0,1,1,1939.018536568.jpg,1939.051881544.jpg,1931.415777592.jpg,1931.449123592.jpg
GAREUD_R_000081,1851,1584,9.222,2171.326,2162.103,0,1,1,2275.586820864.jpg,2275.620166488.jpg,2251.378037568.jpg,2251.411382376.jpg
GAREUD_R_000082,405,170,13.168,1335.029,1321.861,0,1,1,2431.623300080.jpg,2431.656644784.jpg,2443.094128624.jpg,2443.127473944.jpg
